year,sid,name,filename
1979,1979126N07090,UNNAMED,HURSAT_b1_v06_1979126N07090_01B_c20170721.tar.gz
1979,1979167N13071,UNNAMED,HURSAT_b1_v06_1979167N13071_02A_c20170721.tar.gz
1979,1979205N10148,HOPE,HURSAT_b1_v06_1979205N10148_03B_c20170721.tar.gz
1979,1979259N11078,UNNAMED,HURSAT_b1_v06_1979259N11078_04B_c20170721.tar.gz
1979,1979264N10087,UNNAMED,HURSAT_b1_v06_1979264N10087_05B_c20170721.tar.gz
1979,1979300N06095,UNNAMED,HURSAT_b1_v06_1979300N06095_06B_c20170721.tar.gz
1979,1979317N10072,UNNAMED,HURSAT_b1_v06_1979317N10072_07A_c20170721.tar.gz
1979,1979327N08088,UNNAMED,HURSAT_b1_v06_1979327N08088_08B_c20170721.tar.gz
1981,1981283N07132,FABIAN,HURSAT_b1_v06_1981283N07132_FABIAN_c20170721.tar.gz
1981,1981339N11089,UNNAMED,HURSAT_b1_v06_1981339N11089_MISSING_c20170721.tar.gz
1982,1982120N11083,UNNAMED,HURSAT_b1_v06_1982120N11083_MISSING_c20170721.tar.gz
1982,1982150N13087,UNNAMED,HURSAT_b1_v06_1982150N13087_MISSING_c20170721.tar.gz
1983,1983274N18089,UNNAMED,HURSAT_b1_v06_1983274N18089_MISSING_c20170721.tar.gz
1983,1983276N06130,HERBERT,HURSAT_b1_v06_1983276N06130_HERBERT_c20170721.tar.gz
1983,1983282N09155,KIM,HURSAT_b1_v06_1983282N09155_KIM_c20170721.tar.gz
1983,1983309N10091,UNNAMED,HURSAT_b1_v06_1983309N10091_MISSING_c20170721.tar.gz
1984,1984169N20137,WYNNE,HURSAT_b1_v06_1984169N20137_WYNNE_c20170721.tar.gz
1984,1984285N17089,UNNAMED,HURSAT_b1_v06_1984285N17089_MISSING_c20170721.tar.gz
1984,1984314N09088,UNNAMED,HURSAT_b1_v06_1984314N09088_MISSING_c20170721.tar.gz
1984,1984332N08086,UNNAMED,HURSAT_b1_v06_1984332N08086_MISSING_c20170721.tar.gz
1985,1985148N15067,UNNAMED,HURSAT_b1_v06_1985148N15067_MISSING_c20170721.tar.gz
1985,1985281N02144,CECIL,HURSAT_b1_v06_1985281N02144_CECIL_c20170721.tar.gz
1985,1985282N12090,UNNAMED,HURSAT_b1_v06_1985282N12090_MISSING_c20170721.tar.gz
1985,1985284N05159,DOT,HURSAT_b1_v06_1985284N05159_DOT_c20170721.tar.gz
1985,1985317N12082,UNNAMED,HURSAT_b1_v06_1985317N12082_MISSING_c20170721.tar.gz
1985,1985343N04090,UNNAMED,HURSAT_b1_v06_1985343N04090_MISSING_c20170721.tar.gz
1986,1986006N03087,UNNAMED,HURSAT_b1_v06_1986006N03087_MISSING_c20170721.tar.gz
1986,1986228N19120,WAYNE,HURSAT_b1_v06_1986228N19120_WAYNE_c20170721.tar.gz
1986,1986308N11090,UNNAMED,HURSAT_b1_v06_1986308N11090_MISSING_c20170721.tar.gz
1986,1986311N12072,UNNAMED,HURSAT_b1_v06_1986311N12072_MISSING_c20170721.tar.gz
1987,1987150N13095,UNNAMED,HURSAT_b1_v06_1987150N13095_MISSING_c20170721.tar.gz
1987,1987155N16061,UNNAMED,HURSAT_b1_v06_1987155N16061_MISSING_c20170721.tar.gz
1987,1987219N08134,BETTY,HURSAT_b1_v06_1987219N08134_BETTY_c20170721.tar.gz
1987,1987219N08155,CARY,HURSAT_b1_v06_1987219N08155_CARY_c20170721.tar.gz
1987,1987287N12089,UNNAMED,HURSAT_b1_v06_1987287N12089_MISSING_c20170721.tar.gz
1987,1987303N06088,UNNAMED,HURSAT_b1_v06_1987303N06088_MISSING_c20170721.tar.gz
1987,1987312N09095,UNNAMED,HURSAT_b1_v06_1987312N09095_MISSING_c20170721.tar.gz
1987,1987336N10085,UNNAMED,HURSAT_b1_v06_1987336N10085_MISSING_c20170721.tar.gz
1987,1987351N09086,UNNAMED,HURSAT_b1_v06_1987351N09086_MISSING_c20170721.tar.gz
1988,1988160N14074,UNNAMED,HURSAT_b1_v06_1988160N14074_MISSING_c20170721.tar.gz
1988,1988291N15095,UNNAMED,HURSAT_b1_v06_1988291N15095_MISSING_c20170721.tar.gz
1988,1988319N08090,UNNAMED,HURSAT_b1_v06_1988319N08090_MISSING_c20170721.tar.gz
1988,1988327N06100,UNNAMED,HURSAT_b1_v06_1988327N06100_MISSING_c20170721.tar.gz
1988,1988341N08090,UNNAMED,HURSAT_b1_v06_1988341N08090_MISSING_c20170721.tar.gz
1989,1989143N17090,UNNAMED,HURSAT_b1_v06_1989143N17090_MISSING_c20170721.tar.gz
1989,1989159N17072,UNNAMED,HURSAT_b1_v06_1989159N17072_MISSING_c20170721.tar.gz
1989,1989305N07105,GAY,HURSAT_b1_v06_1989305N07105_GAY_c20170721.tar.gz
1990,1990108N09087,UNNAMED,HURSAT_b1_v06_1990108N09087_MISSING_c20170721.tar.gz
1990,1990124N09088,UNNAMED,HURSAT_b1_v06_1990124N09088_MISSING_c20170721.tar.gz
1990,1990164N21089,UNNAMED,HURSAT_b1_v06_1990164N21089_MISSING_c20170721.tar.gz
1990,1990226N19088,UNNAMED,HURSAT_b1_v06_1990226N19088_MISSING_c20170721.tar.gz
1990,1990232N22089,UNNAMED,HURSAT_b1_v06_1990232N22089_MISSING_c20170721.tar.gz
1990,1990246N23089,UNNAMED,HURSAT_b1_v06_1990246N23089_MISSING_c20170721.tar.gz
1990,1990272N11121,IRA,HURSAT_b1_v06_1990272N11121_IRA_c20170721.tar.gz
1990,1990280N18091,UNNAMED,HURSAT_b1_v06_1990280N18091_MISSING_c20170721.tar.gz
1990,1990304N08092,UNNAMED,HURSAT_b1_v06_1990304N08092_MISSING_c20170721.tar.gz
1990,1990318N14082,UNNAMED,HURSAT_b1_v06_1990318N14082_MISSING_c20170721.tar.gz
1990,1990320N15076,UNNAMED,HURSAT_b1_v06_1990320N15076_MISSING_c20170721.tar.gz
1990,1990348N04087,UNNAMED,HURSAT_b1_v06_1990348N04087_MISSING_c20170721.tar.gz
1991,1991015N02087,UNNAMED,HURSAT_b1_v06_1991015N02087_MISSING_c20170721.tar.gz
1991,1991113N10091,UNNAMED,HURSAT_b1_v06_1991113N10091_MISSING_c20170721.tar.gz
1991,1991150N14091,UNNAMED,HURSAT_b1_v06_1991150N14091_MISSING_c20170721.tar.gz
1991,1991234N20089,UNNAMED,HURSAT_b1_v06_1991234N20089_MISSING_c20170721.tar.gz
1991,1991264N15084,UNNAMED,HURSAT_b1_v06_1991264N15084_MISSING_c20170721.tar.gz
1991,1991285N15090,UNNAMED,HURSAT_b1_v06_1991285N15090_MISSING_c20170721.tar.gz
1991,1991301N10083,UNNAMED,HURSAT_b1_v06_1991301N10083_MISSING_c20170721.tar.gz
1991,1991313N10095,UNNAMED,HURSAT_b1_v06_1991313N10095_MISSING_c20170721.tar.gz
1992,1992136N10090,UNNAMED,HURSAT_b1_v06_1992136N10090_MISSING_c20170721.tar.gz
1992,1992155N10070,UNNAMED,HURSAT_b1_v06_1992155N10070_MISSING_c20170721.tar.gz
1992,1992167N12088,UNNAMED,HURSAT_b1_v06_1992167N12088_MISSING_c20170721.tar.gz
1992,1992188N07156,ELI,HURSAT_b1_v06_1992188N07156_ELI_c20170721.tar.gz
1992,1992198N13135,GARY,HURSAT_b1_v06_1992198N13135_GARY_c20170721.tar.gz
1992,1992207N18090,UNNAMED,HURSAT_b1_v06_1992207N18090_MISSING_c20170721.tar.gz
1992,1992265N18099,UNNAMED,HURSAT_b1_v06_1992265N18099_MISSING_c20170721.tar.gz
1992,1992273N12077,UNNAMED,HURSAT_b1_v06_1992273N12077_MISSING_c20170721.tar.gz
1992,1992279N10097,UNNAMED,HURSAT_b1_v06_1992279N10097_MISSING_c20170721.tar.gz
1992,1992288N10089,UNNAMED,HURSAT_b1_v06_1992288N10089_MISSING_c20170721.tar.gz
1992,1992306N12093,UNNAMED,HURSAT_b1_v06_1992306N12093_MISSING_c20170721.tar.gz
1992,1992311N06107,UNNAMED,HURSAT_b1_v06_1992311N06107_MISSING_c20170721.tar.gz
1992,1992314N08141,FORREST,HURSAT_b1_v06_1992314N08141_FARREST_c20170721.tar.gz
1992,1992335N03077,UNNAMED,HURSAT_b1_v06_1992335N03077_MISSING_c20170721.tar.gz
1992,1992354N03075,UNNAMED,HURSAT_b1_v06_1992354N03075_MISSING_c20170721.tar.gz
1993,1993309N06072,UNNAMED,HURSAT_b1_v06_1993309N06072_MISSING_c20170721.tar.gz
1993,1993312N06079,UNNAMED,HURSAT_b1_v06_1993312N06079_MISSING_c20170721.tar.gz
1993,1993316N11070,UNNAMED,HURSAT_b1_v06_1993316N11070_MISSING_c20170721.tar.gz
1993,1993331N07108,UNNAMED,HURSAT_b1_v06_1993331N07108_MISSING_c20170721.tar.gz
1993,1993336N05164,MANNY,HURSAT_b1_v06_1993336N05164_MANNY_c20170721.tar.gz
1993,1993353N09084,UNNAMED,HURSAT_b1_v06_1993353N09084_MISSING_c20170721.tar.gz
1994,1994078N06096,UNNAMED,HURSAT_b1_v06_1994078N06096_MISSING_c20170721.tar.gz
1994,1994117N07096,UNNAMED,HURSAT_b1_v06_1994117N07096_MISSING_c20170721.tar.gz
1994,1994157N17074,UNNAMED,HURSAT_b1_v06_1994157N17074_MISSING_c20170721.tar.gz
1994,1994206N22107,AMY,HURSAT_b1_v06_1994206N22107_AMY_c20170721.tar.gz
1994,1994302N11086,UNNAMED,HURSAT_b1_v06_1994302N11086_MISSING_c20170721.tar.gz
1995,1995135N20087,UNNAMED,HURSAT_b1_v06_1995135N20087_MISSING_c20170721.tar.gz
1995,1995233N16115,LOIS,HURSAT_b1_v06_1995233N16115_LOIS_c20170721.tar.gz
1995,1995255N14104,UNNAMED,HURSAT_b1_v06_1995255N14104_MISSING_c20170721.tar.gz
1995,1995284N17074,UNNAMED,HURSAT_b1_v06_1995284N17074_MISSING_c20170721.tar.gz
1995,1995292N08150,YVETTE,HURSAT_b1_v06_1995292N08150_YVETTE_c20170721.tar.gz
1995,1995310N09096,UNNAMED,HURSAT_b1_v06_1995310N09096_MISSING_c20170721.tar.gz
1995,1995323N05097,UNNAMED,HURSAT_b1_v06_1995323N05097_MISSING_c20170721.tar.gz
1996,1996122N08092,UNNAMED,HURSAT_b1_v06_1996122N08092_MISSING_c20170721.tar.gz
1996,1996161N17063,UNNAMED,HURSAT_b1_v06_1996161N17063_MISSING_c20170721.tar.gz
1996,1996163N08088,UNNAMED,HURSAT_b1_v06_1996163N08088_MISSING_c20170721.tar.gz
1996,1996167N16072,UNNAMED,HURSAT_b1_v06_1996167N16072_MISSING_c20170721.tar.gz
1996,1996275N15082,UNNAMED,HURSAT_b1_v06_1996275N15082_MISSING_c20170721.tar.gz
1996,1996288N09092,UNNAMED,HURSAT_b1_v06_1996288N09092_MISSING_c20170721.tar.gz
1996,1996296N09093,UNNAMED,HURSAT_b1_v06_1996296N09093_MISSING_c20170721.tar.gz
1996,1996299N11121,UNNAMED,HURSAT_b1_v06_1996299N11121_MISSING_c20170721.tar.gz
1996,1996306N15097,UNNAMED,HURSAT_b1_v06_1996306N15097_MISSING_c20170721.tar.gz
1996,1996312N14125,ERNIE,HURSAT_b1_v06_1996312N14125_ERNIE_c20170721.tar.gz
1996,1996332N09092,UNNAMED,HURSAT_b1_v06_1996332N09092_MISSING_c20170721.tar.gz
1997,1997133N03092,UNNAMED,HURSAT_b1_v06_1997133N03092_MISSING_c20170721.tar.gz
1997,1997210N21089,UNNAMED,HURSAT_b1_v06_1997210N21089_MISSING_c20170721.tar.gz
1997,1997216N20091,UNNAMED,HURSAT_b1_v06_1997216N20091_MISSING_c20170721.tar.gz
1997,1997263N14084,UNNAMED,HURSAT_b1_v06_1997263N14084_MISSING_c20170721.tar.gz
1997,1997298N06140,LINDA,HURSAT_b1_v06_1997298N06140_LINDA_c20170721.tar.gz
1997,1997307N08082,UNNAMED,HURSAT_b1_v06_1997307N08082_MISSING_c20170721.tar.gz
1997,1997308N08069,UNNAMED,HURSAT_b1_v06_1997308N08069_MISSING_c20170721.tar.gz
1998,1998133N04086,UNNAMED,HURSAT_b1_v06_1998133N04086_MISSING_c20170721.tar.gz
1998,1998147N11061,UNNAMED,HURSAT_b1_v06_1998147N11061_MISSING_c20170721.tar.gz
1998,1998152N11075,UNNAMED,HURSAT_b1_v06_1998152N11075_MISSING_c20170721.tar.gz
1998,1998272N18068,UNNAMED,HURSAT_b1_v06_1998272N18068_MISSING_c20170721.tar.gz
1998,1998280N14069,UNNAMED,HURSAT_b1_v06_1998280N14069_MISSING_c20170721.tar.gz
1998,1998285N14068,UNNAMED,HURSAT_b1_v06_1998285N14068_MISSING_c20170721.tar.gz
1998,1998287N16083,UNNAMED,HURSAT_b1_v06_1998287N16083_MISSING_c20170721.tar.gz
1998,1998317N11087,UNNAMED,HURSAT_b1_v06_1998317N11087_MISSING_c20170721.tar.gz
1998,1998320N10102,UNNAMED,HURSAT_b1_v06_1998320N10102_MISSING_c20170721.tar.gz
1998,1998343N08114,GIL,HURSAT_b1_v06_1998343N08114_GIL_c20170721.tar.gz
1998,1998346N10072,UNNAMED,HURSAT_b1_v06_1998346N10072_MISSING_c20170721.tar.gz
1999,1999031N08092,UNNAMED,HURSAT_b1_v06_1999031N08092_MISSING_c20170721.tar.gz
1999,1999135N12073,UNNAMED,HURSAT_b1_v06_1999135N12073_MISSING_c20170721.tar.gz
1999,1999168N19086,UNNAMED,HURSAT_b1_v06_1999168N19086_MISSING_c20170721.tar.gz
1999,1999208N21089,UNNAMED,HURSAT_b1_v06_1999208N21089_MISSING_c20170721.tar.gz
1999,1999219N21089,UNNAMED,HURSAT_b1_v06_1999219N21089_MISSING_c20170721.tar.gz
1999,1999288N15093,UNNAMED,HURSAT_b1_v06_1999288N15093_MISSING_c20170721.tar.gz
1999,1999298N12099,UNNAMED,HURSAT_b1_v06_1999298N12099_MISSING_c20170721.tar.gz
1999,1999334N11118,UNNAMED,HURSAT_b1_v06_1999334N11118_MISSING_c20170721.tar.gz
1999,1999342N10089,UNNAMED,HURSAT_b1_v06_1999342N10089_MISSING_c20170721.tar.gz
2000,2000088N08090,UNNAMED,HURSAT_b1_v06_2000088N08090_MISSING_c20170721.tar.gz
2000,2000289N15089,UNNAMED,HURSAT_b1_v06_2000289N15089_MISSING_c20170721.tar.gz
2000,2000358N08086,UNNAMED,HURSAT_b1_v06_2000358N08086_MISSING_c20170721.tar.gz
2001,2001141N14068,UNNAMED,HURSAT_b1_v06_2001141N14068_MISSING_c20170721.tar.gz
2001,2001163N20087,UNNAMED,HURSAT_b1_v06_2001163N20087_MISSING_c20170721.tar.gz
2001,2001267N17070,UNNAMED,HURSAT_b1_v06_2001267N17070_MISSING_c20170721.tar.gz
2001,2001281N18071,UNNAMED,HURSAT_b1_v06_2001281N18071_MISSING_c20170721.tar.gz
2001,2001313N12084,UNNAMED,HURSAT_b1_v06_2001313N12084_MISSING_c20170721.tar.gz
2001,2001361N01106,VAMEI,HURSAT_b1_v06_2001361N01106_VAMEI_c20170721.tar.gz
2002,2002126N09068,UNNAMED,HURSAT_b1_v06_2002126N09068_MISSING_c20170721.tar.gz
2002,2002129N08096,UNNAMED,HURSAT_b1_v06_2002129N08096_MISSING_c20170721.tar.gz
2002,2002314N12083,UNNAMED,HURSAT_b1_v06_2002314N12083_MISSING_c20170721.tar.gz
2002,2002327N10089,UNNAMED,HURSAT_b1_v06_2002327N10089_MISSING_c20170721.tar.gz
2003,2003129N05091,UNNAMED,HURSAT_b1_v06_2003129N05091_MISSING_c20170721.tar.gz
2003,2003206N21089,UNNAMED,HURSAT_b1_v06_2003206N21089_MISSING_c20170721.tar.gz
2003,2003240N21089,UNNAMED,HURSAT_b1_v06_2003240N21089_MISSING_c20170721.tar.gz
2003,2003279N17084,UNNAMED,HURSAT_b1_v06_2003279N17084_MISSING_c20170721.tar.gz
2003,2003295N09101,UNNAMED,HURSAT_b1_v06_2003295N09101_MISSING_c20170721.tar.gz
2003,2003315N09067,UNNAMED,HURSAT_b1_v06_2003315N09067_MISSING_c20170721.tar.gz
2003,2003345N05092,UNNAMED,HURSAT_b1_v06_2003345N05092_MISSING_c20170721.tar.gz
2004,2004125N11074,UNNAMED,HURSAT_b1_v06_2004125N11074_MISSING_c20170721.tar.gz
2004,2004136N15090,UNNAMED,HURSAT_b1_v06_2004136N15090_MISSING_c20170721.tar.gz
2004,2004162N18068,UNNAMED,HURSAT_b1_v06_2004162N18068_MISSING_c20170721.tar.gz
2004,2004256N23089,UNNAMED,HURSAT_b1_v06_2004256N23089_MISSING_c20170721.tar.gz
2004,2004274N16069,UNNAMED,HURSAT_b1_v06_2004274N16069_MISSING_c20170721.tar.gz
2004,2004276N12087,UNNAMED,HURSAT_b1_v06_2004276N12087_MISSING_c20170721.tar.gz
2004,2004281N23087,UNNAMED,HURSAT_b1_v06_2004281N23087_MISSING_c20170721.tar.gz
2004,2004307N09068,UNNAMED,HURSAT_b1_v06_2004307N09068_MISSING_c20170721.tar.gz
2004,2004319N10134,MUIFA,HURSAT_b1_v06_2004319N10134_MUIFA_c20170721.tar.gz
2004,2004332N02072,UNNAMED,HURSAT_b1_v06_2004332N02072_MISSING_c20170721.tar.gz
2005,2005007N04085,UNNAMED,HURSAT_b1_v06_2005007N04085_MISSING_c20170721.tar.gz
2005,2005012N04090,UNNAMED,HURSAT_b1_v06_2005012N04090_MISSING_c20170721.tar.gz
2005,2005179N22088,UNNAMED,HURSAT_b1_v06_2005179N22088_MISSING_c20170721.tar.gz
2005,2005257N15120,VICENTE,HURSAT_b1_v06_2005257N15120_VICENTE_c20170721.tar.gz
2005,2005262N13127,DAMREY,HURSAT_b1_v06_2005262N13127_DAMREY_c20170721.tar.gz
2005,2005274N17086,UNNAMED,HURSAT_b1_v06_2005274N17086_MISSING_c20170721.tar.gz
2005,2005298N12088,UNNAMED,HURSAT_b1_v06_2005298N12088_MISSING_c20170721.tar.gz
2005,2005324N08085,UNNAMED,HURSAT_b1_v06_2005324N08085_MISSING_c20170721.tar.gz
2005,2005330N09096,BAAZ,HURSAT_b1_v06_2005330N09096_BAAZ_c20170721.tar.gz
2005,2005338N09093,FANOOS,HURSAT_b1_v06_2005338N09093_FANOOS_c20170721.tar.gz
2005,2005349N06090,UNNAMED,HURSAT_b1_v06_2005349N06090_MISSING_c20170721.tar.gz
2006,2006012N03081,UNNAMED,HURSAT_b1_v06_2006012N03081_MISSING_c20170721.tar.gz
2006,2006114N08090,MALA,HURSAT_b1_v06_2006114N08090_MALA_c20170721.tar.gz
2006,2006182N20088,UNNAMED,HURSAT_b1_v06_2006182N20088_MISSING_c20170721.tar.gz
2006,2006224N21088,UNNAMED,HURSAT_b1_v06_2006224N21088_MISSING_c20170721.tar.gz
2006,2006228N21088,UNNAMED,HURSAT_b1_v06_2006228N21088_MISSING_c20170721.tar.gz
2006,2006247N21089,UNNAMED,HURSAT_b1_v06_2006247N21089_MISSING_c20170721.tar.gz
2006,2006262N19069,MUKDA,HURSAT_b1_v06_2006262N19069_MUKDA_c20170721.tar.gz
2006,2006264N23087,UNNAMED,HURSAT_b1_v06_2006264N23087_MISSING_c20170721.tar.gz
2006,2006271N18089,UNNAMED,HURSAT_b1_v06_2006271N18089_MISSING_c20170721.tar.gz
2006,2006300N07078,UNNAMED,HURSAT_b1_v06_2006300N07078_MISSING_c20170721.tar.gz
2006,2006329N06150,DURIAN,HURSAT_b1_v06_2006329N06150_DURIAN_c20170721.tar.gz
2007,2007133N15091,AKASH,HURSAT_b1_v06_2007133N15091_AKASH_c20170721.tar.gz
2007,2007151N14072,GONU,HURSAT_b1_v06_2007151N14072_GONU_c20170721.tar.gz
2007,2007172N15088,UNNAMED,HURSAT_b1_v06_2007172N15088_MISSING_c20170721.tar.gz
2007,2007178N18089,UNNAMED,HURSAT_b1_v06_2007178N18089_MISSING_c20170721.tar.gz
2007,2007300N11068,UNNAMED,HURSAT_b1_v06_2007300N11068_MISSING_c20170721.tar.gz
2007,2007314N10093,SIDR,HURSAT_b1_v06_2007314N10093_SIDR_c20170721.tar.gz
2008,2008117N11090,NARGIS,HURSAT_b1_v06_2008117N11090_NARGIS_c20170721.tar.gz
2008,2008157N16066,UNNAMED,HURSAT_b1_v06_2008157N16066_MISSING_c20170721.tar.gz
2008,2008223N20086,UNNAMED,HURSAT_b1_v06_2008223N20086_MISSING_c20170721.tar.gz
2008,2008259N20089,UNNAMED,HURSAT_b1_v06_2008259N20089_TWO_c20170721.tar.gz
2008,2008298N16085,RASHMI,HURSAT_b1_v06_2008298N16085_RASHMI_c20170721.tar.gz
2008,2008329N09082,NISHA,HURSAT_b1_v06_2008329N09082_NISHA_c20170721.tar.gz
2008,2008338N06092,UNNAMED,HURSAT_b1_v06_2008338N06092_SEVEN_c20170721.tar.gz
2009,2009104N13088,BIJLI,HURSAT_b1_v06_2009104N13088_BIJLI_c20170721.tar.gz
2009,2009143N17089,AILA,HURSAT_b1_v06_2009143N17089_AILA_c20170721.tar.gz
2009,2009174N18072,UNNAMED,HURSAT_b1_v06_2009174N18072_MISSING_c20170721.tar.gz
2009,2009201N21089,UNNAMED,HURSAT_b1_v06_2009201N21089_MISSING_c20170721.tar.gz
2009,2009247N19089,UNNAMED,HURSAT_b1_v06_2009247N19089_MISSING_c20170721.tar.gz
2010,2010136N09057,BANDU,HURSAT_b1_v06_2010136N09057_BANDU_c20170721.tar.gz
2010,2010137N10090,LAILA,HURSAT_b1_v06_2010137N10090_LAILA_c20170721.tar.gz
2010,2010151N14065,PHET,HURSAT_b1_v06_2010151N14065_PHET_c20170721.tar.gz
2010,2010286N18090,UNNAMED,HURSAT_b1_v06_2010286N18090_MISSING_c20170721.tar.gz
2010,2010293N17093,GIRI,HURSAT_b1_v06_2010293N17093_GIRI_c20170721.tar.gz
2010,2010305N06105,JAL,HURSAT_b1_v06_2010305N06105_JAL_c20170721.tar.gz
2011,2011160N18070,UNNAMED,HURSAT_b1_v06_2011160N18070_ONE_c20170721.tar.gz
2011,2011167N22089,UNNAMED,HURSAT_b1_v06_2011167N22089_MISSING_c20170721.tar.gz
2011,2011290N15090,UNNAMED,HURSAT_b1_v06_2011290N15090_TWO_c20170721.tar.gz
2011,2011302N13062,KEILA,HURSAT_b1_v06_2011302N13062_KEILA_c20170721.tar.gz
2011,2011310N11066,UNNAMED,HURSAT_b1_v06_2011310N11066_FOUR_c20170721.tar.gz
2011,2011330N06078,UNNAMED,HURSAT_b1_v06_2011330N06078_FIVE_c20170721.tar.gz
2011,2011360N09088,THANE,HURSAT_b1_v06_2011360N09088_THANE_c20170721.tar.gz
2012,2012285N21091,UNNAMED,HURSAT_b1_v06_2012285N21091_MISSING_c20170721.tar.gz
2012,2012301N11087,NILAM,HURSAT_b1_v06_2012301N11087_NILAM_c20170721.tar.gz
2012,2012321N14090,UNNAMED,HURSAT_b1_v06_2012321N14090_THREE_c20170721.tar.gz
2012,2012357N09064,UNNAMED,HURSAT_b1_v06_2012357N09064_FOUR_c20170721.tar.gz
2013,2013130N04093,MAHASEN:VIYARU,HURSAT_b1_v06_2013130N04093_MAHASEN_c20170721.tar.gz
2013,2013232N22088,UNNAMED,HURSAT_b1_v06_2013232N22088_MISSING_c20170721.tar.gz
2013,2013281N12098,PHAILIN,HURSAT_b1_v06_2013281N12098_PHAILIN_c20170721.tar.gz
2013,2013305N07141,UNNAMED,HURSAT_b1_v06_2013305N07141_TD_c20170721.tar.gz
2013,2013310N06066,UNNAMED,HURSAT_b1_v06_2013310N06066_THREE_c20170721.tar.gz
2013,2013322N13090,HELEN,HURSAT_b1_v06_2013322N13090_HELEN_c20170721.tar.gz
2013,2013324N07103,LEHAR,HURSAT_b1_v06_2013324N07103_LEHAR_c20170721.tar.gz
2013,2013339N09084,MADI,HURSAT_b1_v06_2013339N09084_MADI_c20170721.tar.gz
2014,2014003N08086,UNNAMED,HURSAT_b1_v06_2014003N08086_ONE_c20170721.tar.gz
2014,2014141N16091,UNNAMED,HURSAT_b1_v06_2014141N16091_MISSING_c20170721.tar.gz
2014,2014159N12068,NANAUK,HURSAT_b1_v06_2014159N12068_NANAUK_c20170721.tar.gz
2014,2014279N11096,HUDHUD,HURSAT_b1_v06_2014279N11096_HUD_HUD_c20170721.tar.gz
2014,2014297N11062,NILOFAR,HURSAT_b1_v06_2014297N11062_NILOFAR_c20170721.tar.gz
2014,2014309N13088,UNNAMED,HURSAT_b1_v06_2014309N13088_FIVE_c20170721.tar.gz
2015,2015157N13069,ASHOBAA,HURSAT_b1_v06_2015157N13069_ASHOBAA_c20170721.tar.gz
2015,2015173N20067,UNNAMED,HURSAT_b1_v06_2015173N20067_MISSING_c20170721.tar.gz
2015,2015191N23085,UNNAMED,HURSAT_b1_v06_2015191N23085_MISSING_c20170721.tar.gz
2015,2015207N22091,KOMEN,HURSAT_b1_v06_2015207N22091_KOMEN_c20170721.tar.gz
2015,2015209N26072,UNNAMED,HURSAT_b1_v06_2015209N26072_MISSING_c20170721.tar.gz
2015,2015280N13071,UNNAMED,HURSAT_b1_v06_2015280N13071_THREE_c20170721.tar.gz
2015,2015301N11065,CHAPALA,HURSAT_b1_v06_2015301N11065_CHAPALA_c20170721.tar.gz
2015,2015309N14067,MEGH,HURSAT_b1_v06_2015309N14067_MEGH_c20170721.tar.gz
2016,2016138N10081,ROANU,HURSAT_b1_v06_2016138N10081_ROANU_c20180912.tar.gz
2016,2016178N22068,UNNAMED,HURSAT_b1_v06_2016178N22068_TWO_c20180912.tar.gz
2016,2016222N22089,UNNAMED,HURSAT_b1_v06_2016222N22089_MISSING_c20180912.tar.gz
2016,2016230N21089,UNNAMED,HURSAT_b1_v06_2016230N21089_MISSING_c20180912.tar.gz
2016,2016295N13089,KYANT,HURSAT_b1_v06_2016295N13089_KYANT_c20180912.tar.gz
2016,2016308N13088,UNNAMED,HURSAT_b1_v06_2016308N13088_MISSING_c20180912.tar.gz
2016,2016335N07088,NADA,HURSAT_b1_v06_2016335N07088_NADA_c20180912.tar.gz
2016,2016341N08092,VARDAH,HURSAT_b1_v06_2016341N08092_VARDAH_c20180912.tar.gz
